x_p1,y_p1,x_p2,y_p2,x_p3,y_p3,x_p4,y_p4,x_p5,y_p5,x_p6,y_p6,x_p7,y_p7,x_p8,y_p8
-24.999971078308935,-0.00028543902857606384,-35.00000000000024,1.2919171611832896e-13,-59.999875800608,39.99987600260498,-68.00000000000541,-7.799999999993205,-62.00006196028605,-38.000179086301486,-73.00017962613403,-88.00000173533329,-84.99997756918555,-32.00012767610443,-94.99991438099829,2.0000590619788507
-25.01376036109662,0.523930664381241,-35.00000000001185,-9.018936131233015e-13,-60.51123599834053,40.082966517032126,-67.99999999999127,-7.800000000009547,-61.56326540369802,-37.909607242979476,-72.0541896794275,-88.01919829460331,-84.62323842079873,-32.14382521367985,-95.1033010240149,1.7109475254660682
-25.05478745048143,1.0452839591053227,-35.000000000018744,-1.9332312376559063e-12,-61.03892101005414,40.16231084708074,-67.99999999999493,-7.800000000004757,-61.14702310161578,-37.817941018895155,-71.1048169198214,-88.03588952228355,-84.26682816482415,-32.29755915600118,-95.20625873598664,1.4119186012692098
-25.12312295420376,1.564343642698449,-35.00000000002022,-3.1456436563939365e-12,-61.5831833961904,40.23815489365004,-68.00000000000509,-7.799999999992394,-60.751214098477085,-37.72482571335381,-70.15170117663811,-88.05007605399449,-83.93079499185603,-32.46107941308469,-95.3089579817817,1.102851514806869
-25.21853029136241,2.0791155690062038,-35.00000000001835,-3.7921726698211824e-12,-62.14314299877363,40.30963588407229,-68.00000000006563,-7.799999999919622,-60.376263687489754,-37.6315060159197,-69.19610121597944,-88.06175898022568,-83.61497228753825,-32.63526628933907,-95.41080130780193,0.784166532466563
-25.34074795706732,2.588188783967404,-35.000000000015724,-4.129123782438421e-12,-62.71814014855132,40.37615356932554,-68.00000000019588,-7.799999999766786,-60.022455252068845,-37.53884499752884,-68.23892520630793,-88.07090944989187,-83.31921842876235,-32.82070898384611,-95.5113679668618,0.45618362520463845
-25.489440961195065,3.090167953315682,-35.000000000016406,-5.31908730204972e-12,-63.307487392789746,40.437123862268095,-68.00000000036778,-7.799999999571662,-59.690060379609754,-37.447681881472306,-67.2810978512884,-88.07747581744314,-83.04337997698909,-33.01795968486045,-95.61024364559646,0.11924069403913683
-25.664201746573525,3.583677187102404,-35.0000000000214,-8.278112922774719e-12,-63.91046736982193,40.491981655536584,-68.00000000052678,-7.799999999398633,-59.37934275397801,-37.35882984165476,-66.32356763056221,-88.08138489995727,-82.7872971154082,-33.22752975271188,-95.70702187838936,-0.2263048881503113
-25.86455130606281,4.067363810889912,-35.00000000002799,-1.2538553116433976e-11,-64.52633084584693,40.54018377769568,-68.00000000061118,-7.799999999315283,-59.09056220307797,-37.273073928522386,-65.36731385303975,-88.0825435746985,-82.5508093460406,-33.449886185470106,-95.80130555933124,-0.5800748145766269
-26.089940495465378,4.539902073296555,-35.000000000031676,-1.616629472431703e-11,-65.15429491495172,40.581212084418446,-68.00000000058802,-7.799999999352924,-58.823978890262026,-37.19116910268304,-64.41335350321617,-88.08084068784243,-82.33376143136257,-33.685448351461034,-95.89270855042592,-0.9416684630306147
-26.339751538677724,4.999996779765471,-35.00000000002996,-1.7259242313740545e-11,-65.7935413624943,40.614576679682614,-68.00000000047754,-7.799999999483518,-58.579857638675975,-37.11383835173055,-63.46274786165877,-88.07614923681666,-82.13600956363938,-33.93458496797091,-95.98085738314958,-1.3106615956822099
-26.613299720975473,5.446386842629318,-35.000000000023775,-1.5382291541244386e-11,-66.44321519075676,40.63981926037322,-68.00000000033288,-7.7999999996459275,-58.358472378048,-37.041770861040554,-62.51660888322351,-88.06832878045739,-81.95742774391145,-34.19761129987072,-96.06539304938158,-1.6866051404282032
-26.90983526578393,5.877848737705889,-35.00000000001606,-1.1632720634066121e-11,-67.10242330412775,40.65651657634611,-68.00000000020228,-7.799999999788222,-58.16011070385675,-36.975620204322,-61.576105320784386,-88.05722802312808,-81.7979143514926,-34.474786545387325,-96.14597287677222,-2.0690240528965713
-27.228545389774737,6.2931998579125565,-35.00000000000934,-7.558793033306229e-12,-67.77023334952037,40.66428399663086,-68.00000000010819,-7.7999999998883975,-57.985078539004896,-36.91600251445946,-60.64246858446512,-88.0426875113254,-81.65739888388424,-34.76631137012836,-96.22227248264421,-2.457416257432704
-27.56855653064925,6.691301754703385,-35.000000000004654,-4.214490041666455e-12,-68.4456727062253,40.66277917104517,-68.00000000005076,-7.799999999948321,-57.83370488798363,-36.86349458964848,-59.716998327124145,-88.02454237382562,-81.53584884596107,-35.072325544450415,-96.29398779956199,-2.8512516647761457
-27.928936741507588,7.071063258463515,-35.000000000001904,-1.9371829221153095e-12,-69.12772761771375,40.651705775125336,-68.0000000000201,-7.799999999979731,-57.70634667297545,-36.81863188399899,-58.80106774689983,-88.00262502896598,-81.4332767659858,-35.3929056331194,-96.36083716471329,-3.24997126349418
-28.308698245245992,7.431443469319781,-35.00000000000051,-5.98874112911472e-13,-69.81534245595846,40.630817324981564,-68.00000000000561,-7.7999999999943155,-57.60339364025942,-36.78190632562886,-57.89612859790547,-87.97676777504424,-81.34974731422821,-35.72806267947108,-96.4225634642986,-3.652986281153303
-28.706800141982647,7.771454610171184,-34.999999999999986,-1.4202078436861624e-14,-70.50741910675987,40.599921047373996,-68.00000000000048,-7.799999999999394,-57.525273323429225,-36.75376389876186,-57.00371589925019,-87.94680517207449,-81.28538449751687,-36.07773981938701,-96.47893632310644,-4.05967741010419
-29.12215126209252,8.090164734119316,-34.99999999999986,1.6176877393041914e-13,-71.20281646243319,40.558881788885856,-67.99999999999977,-7.800000000000015,-57.47245604705673,-36.73460191944707,-56.125452329879955,-87.91257611508249,-81.24037889963213,-36.44180975343757,-96.5297543284178,-4.469394091673591
-29.553613157027208,8.386700278870494,-34.99999999999979,2.9550538646939984e-13,-71.90035000596144,40.50762594653805,-68.0000000000004,-7.799999999999252,-57.44545995027843,-36.724765927215174,-55.26305229263197,-87.87392549062152,-81.21499493273203,-36.8200719982636,-96.57484727623621,-4.881453851352751
-30.000003219722988,8.660248461109648,-34.999999999999574,7.07351756998403e-13,-72.59879146851065,40.446145400384125,-68.00000000000087,-7.799999999998512,-57.4448560039889,-36.724546107276495,-54.41832562405293,-87.83070529905261,-81.20957805856938,-37.21224983104168,-96.61407842655751,-5.2951416765323795
-30.460097926043805,8.910059504282804,-34.99999999999919,1.5598606190189883e-12,-73.2968685399119,40.374501426551156,-68.00000000000168,-7.799999999997242,-57.471272987554364,-36.73417314977965,-53.5931809175497,-87.78277511528799,-81.2245619296932,-37.61798683339143,-96.64734675293408,-5.709709427206182
-30.932636188376385,9.135448693684399,-34.99999999999859,3.1361356213922694e-12,-73.9932646094752,40.2928285666911,-68.00000000000328,-7.799999999995009,-57.525402380732174,-36.75381344425696,-52.78962841526071,-87.73000175003818,-81.26047538958467,-38.03684293362786,-96.67458916989364,-6.124375269049738
-31.416322812183648,9.335798253212626,-34.999999999997826,5.6604284093414345e-12,-74.6866185122754,40.20133842680592,-68.0000000000061,-7.799999999991364,-57.60800311329594,-36.78356349882644,-52.00978240857782,-87.67225796215493,-81.31794925618819,-38.468289838834295,-96.69578271978189,-6.538323117269549
-31.90983204604389,9.510559038651042,-34.99999999999707,9.077031764284445e-12,-75.37552425403672,40.100323374683555,-68.00000000001059,-7.799999999985995,-57.719906098056455,-36.82344346522372,-51.25586306707363,-87.60942006042791,-81.39772279481713,-38.9117057413401,-96.71094669821188,-6.9507020788752545
-32.411811215445795,9.659252042835027,-34.99999999999663,1.2723335240785572e-11,-76.05853068590756,39.99016010063167,-68.00000000001698,-7.7999999999789456,-57.86201845185955,-36.873389642665956,-50.53019759057441,-87.54136422040787,-81.5006497631877,-39.366369178023284,-96.720144694451,-7.3606258804383335
-32.92088443037863,9.781469708577049,-34.999999999996774,1.5343918448193813e-11,-76.73414109893558,39.87131300058706,-68.00000000002512,-7.79999999997065,-58.03532728287889,-36.933245826425356,-49.8352205480103,-87.46796132881204,-81.62770388242336,-39.83145191608414,-96.72348651965345,-7.767172268137413
-33.43565635655433,9.876877045752334,-34.99999999999759,1.5295808017489236e-11,-77.40081270706722,39.744337333789645,-68.00000000003432,-7.7999999999620835,-58.24090289017298,-37.00275336157563,-49.17347322833615,-87.3890701553643,-81.77998355225043,-40.30601073643309,-96.72112999171563,-8.169382367063813
-33.9547160399224,9.94521254948273,-34.99999999999879,1.1297256343681768e-11,-78.05695598718964,39.60988209878633,-68.00000000004323,-7.7999999999546645,-58.479901181985355,-37.08153975972294,-48.547601782244996,-87.30452864041733,-81.95871558513306,-40.788977986628296,-96.71328254060133,-8.566259987472614
-34.476640773993125,9.98628891690258,-34.99999999999977,3.2326375179912006e-12,-78.70093384538053,39.4686925612785,-68.00000000005014,-7.7999999999499625,-58.75356507149346,-37.16910573809675,-47.960353876927456,-87.21414307756527,-82.16525768151433,-41.27915078108735,-96.70020259206652,-8.956770867159886
-34.999999999369706,9.999993560542396,-34.999999999999936,-7.343965120662883e-12,-79.33106058043464,39.32161235493546,-68.00000000005346,-7.799999999949196,-59.063224551437344,-37.26481054809781,-47.41457351876058,-87.11767496550205,-82.40109930535529,-41.775178738930364,-96.68220068070704,-9.339841841576568
-35.52335922480434,9.986288916923812,-34.99999999999902,-1.7666618317621285e-11,-79.94560061933245,39.16958506143014,-68.00000000005217,-7.799999999952916,-59.410295081074736,-37.36785547686958,-46.91319361869717,-87.01482530491863,-82.66786054446976,-42.275550172176494,-96.65964023496163,-9.714359936995105
-36.045283959033966,9.9452125495196,-34.999999999997385,-2.4850920460062927e-11,-80.54276700511593,39.01365515826675,-68.0000000000463,-7.799999999960638,-59.79627383908189,-37.477265434038664,-46.45922578143866,-86.90521612759046,-82.96728845258545,-42.77857667233364,-96.63293796703229,-10.079171387309692
-36.56434364262205,9.87687704579593,-34.99999999999572,-2.7268514940480884e-11,-81.12071962630583,38.85496820213681,-68.00000000003718,-7.799999999970641,-60.22273330346842,-37.59186858081411,-46.05574669092043,-86.78836907023532,-83.30125026869585,-43.282376096239425,-96.60256378945796,-10.433080582364134
-37.0791155690304,9.781469708618763,-34.999999999994735,-2.5074979190324616e-11,-81.67756318935706,38.69477009126358,-68.00000000002697,-7.799999999980798,-60.69131151387891,-37.710274025652765,-45.705880341403144,-86.66368085099873,-83.67172279380097,-43.78485402756308,-96.5690401672714,-10.774848965495186
-37.58818878416879,9.659252042869243,-34.99999999999476,-1.9801624422738703e-11,-82.21134495268298,38.53440522230284,-68.00000000001756,-7.799999999989564,-61.203698253187476,-37.83084770658443,-45.4127752260256,-86.53039557881627,-84.08077707610737,-44.28368389547786,-96.53294080022988,-11.103193910920343
-38.090167953726734,9.510559038675924,-34.99999999999558,-1.3704408734417054e-11,-82.72005226372892,38.375313325798956,-68.00000000001073,-7.799999999995773,-61.76161625563831,-37.95168671350082,-45.17957544616565,-86.38757393494953,-84.53055741523403,-44.77628607441446,-96.49488851368864,-11.416787628349569
-38.58367718769056,9.335798253229106,-34.99999999999676,-8.464411434123077e-12,-83.2016099708604,38.219024729159315,-68.00000000000666,-7.799999999999476,-62.366796411407314,-38.070592484415116,-45.00938455047318,-86.23405942344627,-85.02325354811343,-45.259806477851015,-96.45555221951135,-11.714256163644334
-39.06736381155893,9.1354486936949,-34.999999999997904,-4.6940873667178036e-12,-83.65387782101013,38.06715375828186,-68.0000000000044,-7.800000000001676,-63.02094579838473,-38.18504354977454,-44.905220762156006,-86.06844210811144,-85.56106473147359,-45.73109540473038,-96.41564279058407,-11.99417859121207
-39.53990207392438,8.91005950428999,-34.99999999999889,-2.1497163200084345e-12,-84.0746480039995,37.921389949420984,-68.0000000000027,-7.800000000003546,-63.725707240936536,-38.29216881182931,-44.869962121849625,-85.88902055560575,-86.14615429969983,-46.186687710292716,-96.3759076748087,-12.255086527231526
-39.999996780261455,8.660248461115037,-34.99999999999957,-7.11825796355244e-13,-84.46164306704661,37.783486703621506,-68.00000000000155,-7.800000000004431,-64.4826089869061,-38.388722746355164,-44.90627998559019,-85.693763109461,-86.78059317026788,-46.62278576373342,-96.33712405830644,-12.495464133494025
-40.44638684296588,8.386700278873512,-34.99999999999982,-2.1942116988601949e-13,-84.812514500091,37.655246980023605,-68.0000000000009,-7.8000000000029015,-65.29300302897079,-38.47106441636052,-45.01655930783818,-85.48027015361092,-87.46629071740475,-47.03524713107054,-96.30009037484935,-12.713748830479453
-40.877848737905346,8.090164734119798,-34.99999999999986,-1.614121881243329e-13,-85.12484238567289,37.538505595972126,-68.00000000000051,-7.800000000000727,-66.15799060324926,-38.5351428048624,-45.202804259387605,-85.24573971637648,-88.2049114741232,-47.41957948525109,-96.26561595201339,-12.90833299557889
-41.2934114366305,7.771155579342366,-34.999978119285245,-2.1899157174287984e-05,-85.39584303042261,37.435540256599936,-67.99998900726175,-7.799679070048889,-67.0810277707304,-38.57575541621997,-45.46792946198629,-84.98555856452018,-89.00019459592816,-47.77082096199034,-96.2345322915165,-13.07706935243785
-41.69122101774191,7.431542492871024,-35.00002585519173,3.189763658666887e-05,-85.62391735206444,37.34671206793213,-67.9999669537043,-7.800130920998907,-68.05363183906842,-38.590175754987534,-45.80809087925323,-84.70014162056589,-89.84503165503733,-48.08403665214639,-96.20751539906824,-13.219963285582825
-42.06841778242163,7.07479822737379,-35.000282840936094,0.00027529172139805527,-85.80898613614086,37.270211997645774,-68.00012960969853,-7.804010261672582,-69.05223364446151,-38.580167438598735,-46.211669025808064,-84.39834903762801,-90.71893160758015,-48.35531892323851,-96.18522438607984,-13.339418342974529
-42.42250760983179,6.704112149432402,-35.00072078183718,0.0006400169627589464,-85.95076162302726,37.2048096139897,-68.00090792548758,-7.813450409836282,-70.0542903505665,-38.548672924150175,-46.66831832154924,-84.09092361100375,-91.60275182361553,-48.581811499268184,-96.16853919877468,-13.437051911216198
-42.752601677420856,6.320602903990004,-35.00102350941289,0.0008256690181190474,-86.04704190424229,37.15229262889854,-68.0028180520322,-7.82822869861672,-71.05429035052407,-38.49541610265377,-47.177358185420076,-83.78219937015746,-92.49303291726213,-48.760914269471954,-96.158596038882,-13.510888927076728
-43.05852603066705,5.924459527838668,-35.00078388814253,0.0005695733097299457,-86.09475839444026,37.11555699312849,-68.00625649133562,-7.847180348368702,-72.05429035053464,-38.41819191841083,-47.74214593050476,-83.47283249603173,-93.39313572742968,-48.88976746302992,-96.15642799769684,-13.557558957881199
-43.34001978672977,5.516031886234522,-34.99963089442881,-0.0002489263142323676,-86.09100521333711,37.09696467995008,-68.01150331936472,-7.869396111838983,-73.05429035053464,-38.31520710830493,-48.36490651670516,-83.16423980186457,-94.30450965494272,-48.96548799427508,-96.16281945080682,-13.574139720040245
-43.59688895146241,5.0956008556822185,-34.99723191799646,-0.0016436879903194306,-86.03280169573335,37.09865678206457,-68.01873128033488,-7.893960383230745,-74.05429035053461,-38.18458204312048,-49.04783985455897,-82.85760817155074,-95.22853794500656,-48.985120607002116,-96.17831849569463,-13.55774596289419
-43.828992800128546,4.663386359863642,-34.9933168390582,-0.0035311611012463938,-85.91708891923767,37.12250887933019,-68.02800613669163,-7.91995310924705,-75.05429035053461,-38.024316534335014,-49.79308813360031,-82.55378897780864,-96.16650515223056,-48.9456201177062,-96.20321199141952,-13.505533746334784
-44.03623350092188,4.219557944938066,-34.987700267359145,-0.005742846002259664,-85.74073615929262,37.17008276056996,-68.03928612462528,-7.946451282931056,-76.05429035053459,-37.832251797007274,-50.60268252819251,-82.25317379410745,-97.11955807933111,-48.84383965390967,-96.23749849886227,-13.414711040839478
-44.21853227910199,3.764220819375625,-34.98029069369642,-0.008044056610462803,-85.50027488784536,37.242795512089316,-68.05245935947136,-7.972499568397327,-77.05429035053459,-37.606047100744306,-51.47951039784513,-81.95619808194468,-98.0889219825374,-48.676127442986626,-96.2809573737978,-13.28220947815949
-44.37585295120729,3.297464039233649,-34.971129431416436,-0.010142152615030556,-85.19230392221036,37.3415241095626,-68.06727983609376,-7.99715394427479,-78.05429035053456,-37.343111289408164,-52.42578115754533,-81.66228525809697,-99.07548567267122,-48.43886556749218,-96.33294311378205,-13.10520696301395
-44.50859552531857,2.820080992884321,-34.96067523321035,-0.01165187947708869,-84.82062551458888,37.461236031190396,-68.08243245952494,-8.020240347488542,-79.05429035053456,-37.04003857050476,-53.41704930496711,-81.35365668803624,-100.07328783022658,-48.138371082430126,-96.3900918960434,-12.889633520135124
-44.6172505904301,2.33311663432832,-34.94955970582035,-0.012230212740189782,-84.39101403872161,37.59548562713279,-68.0963360493447,-8.041770892942555,-80.05429035053453,-36.692861603061104,-54.421894443397775,-81.00758243163759,-101.07449801096669,-47.78342328994859,-96.44850713751279,-12.643434353172626
-44.70209158822746,1.8373621898590033,-34.93835742367572,-0.011665246310781915,-83.90576744192202,37.740751529723745,-68.10789839036137,-8.061353311255356,-81.0542903505345,-36.29735144318601,-55.421894443397775,-80.60885966192293,-102.07453186543749,-47.37759690235809,-96.50569386959887,-12.369877926301474
-44.763060803792186,1.3330622412944404,-34.92749256948369,-0.009889515310670383,-83.3607807603668,37.89842259542641,-68.11684599779953,-8.077888814338463,-82.05429035053447,-35.84917439873106,-56.42189444339776,-80.15631702270863,-103.07447156808057,-46.91525768352178,-96.56125951841351,-12.064253900320953
-44.800259931422865,0.8206458434490289,-34.91756578431374,-0.0068896422412674735,-82.75310492539859,38.06867971639396,-68.12263584405136,-8.090397045126231,-83.05429035053443,-35.34330216277233,-57.42189444339769,-79.64526068599969,-104.07409266833226,-46.39214567661133,-96.61405418472168,-11.723260720500651
-44.81389276053356,0.30063767455215945,-34.909292475183705,-0.00276307090034933,-82.07966361540471,38.251550534826464,-68.12464690268985,-8.097874760768232,-84.05429035053442,-34.773971655905456,-58.42189444339758,-79.0702863360857,-105.07322187643518,-45.803415718481695,-96.66264116701538,-11.343349464447407
-44.80430192640416,-0.2263046732462127,-34.90348943774254,0.0022455462408878463,-81.33727847964687,38.446901082479364,-68.12218456923418,-8.099300134499448,-85.0542903505344,-34.134534724288585,-59.42189444339749,-78.42507709117918,-106.07186257472299,-45.14349481796341,-96.70526316979837,-10.920699443980853
-44.77201722441014,-0.7593510608770127,-34.901050317452146,0.007708949068198982,-80.52269789580899,38.65443015858223,-68.11449095421244,-8.093641864323331,-86.05429035053437,-33.41727165475124,-60.42189444339748,-77.70230969930543,-107.07003125108079,-44.40596375258112,-96.73980576867473,-10.451190119142886
-44.717217827514986,-1.297957697529442,-34.902685850191794,0.013044812447636844,-79.62821844678858,38.875151889496664,-68.10056587950601,-8.079430705382501,-87.05429035053436,-32.61203451935165,-61.42189444339748,-76.89202059819434,-108.06770051908951,-43.581229306567074,-96.76361124667318,-9.927717517415473
-44.64215546768533,-1.8372592775937218,-34.90947578506491,0.01738683679651729,-78.66508747814885,39.10584496908544,-68.07826876266151,-8.054652178382938,-88.05429035053434,-31.70315366363269,-62.42189444339747,-75.98071233722297,-109.06553187180864,-42.661518943993215,-96.77207405515654,-9.350753265882357
-44.56055538712246,-2.3832737737879315,-34.92883853933195,0.017547059839266105,-77.6663094153106,39.32113067217555,-68.06033641317974,-8.035737333725184,-89.0690535481653,-30.720701220191042,-63.42189444339746,-74.98772093355768,-110.07479938814706,-41.676945299693315,-96.77518900338711,-8.752198946195188
-44.46856312965418,-2.9231455315046944,-34.956823672325044,0.013065205485271224,-76.66364865029828,39.50826282103213,-68.04258021681764,-8.023309937958548,-90.04129374040417,-29.702962689144336,-64.42684266766844,-73.99933294678132,-111.05112114756285,-40.6711951893397,-96.76697918373188,-8.159499477844793
-44.35295501006815,-3.4402197263006355,-34.983789257519106,0.006020836876475964,-75.6636486502983,39.673691785317814,-68.0165425842856,-8.009186208484413,-90.87929705998776,-28.717285922025646,-65.40704977058448,-73.11395610623586,-111.92027168938961,-39.67084308846615,-96.7384752885866,-7.570206601756887
-44.20516824390131,-3.920392926664859,-35.00223473399132,-0.000997540953845042,-74.66364865029831,39.837579641821534,-67.9756005492128,-7.9799106409662,-91.53134805599693,-27.806161294813496,-66.37900983304888,-72.39558766852596,-112.65435608009419,-38.645652127401775,-96.68192663160872,-6.9529773684618466
-44.02136115875025,-4.381101570272846,-35.01296171252813,-0.006260162902064954,-73.66364865029831,39.96883449671043,-67.93730177379643,-7.960518215209092,-91.93554614208892,-27.169486593030914,-67.35921693596494,-72.06935495217783,-113.20136776069725,-37.71706747091846,-96.6169048097009,-6.354996227502262
-43.799182475893254,-4.830421139783465,-35.016701914161736,-0.009054481163156481,-72.66364865029834,40.053232872552016,-67.90323041711792,-7.957708188033678,-92.10766256979034,-26.834004681841748,-68.3641651602359,-72.16511270139043,-113.56353973217242,-36.944032922971836,-96.54713246312986,-5.805831341046892
-43.543209392655996,-5.27011314823296,-35.01614296744895,-0.009962126359712222,-71.66364865029836,40.09625657179335,-67.8698414147617,-7.966227795386846,-92.11846561438092,-26.71281728667479,-69.3641651602359,-72.5364046984273,-113.78091155320857,-36.306469652547946,-96.47014077459903,-5.300911948790303
-43.265675349513806,-5.695729713678003,-35.015657878148595,-0.01079685127159839,-70.66364865029783,40.12326663122231,-67.83324649318419,-7.971322172676757,-92.07134489807927,-26.652079233987344,-70.36416516023587,-72.96460896162316,-113.93762808163123,-35.69422364316728,-96.38040737210241,-4.796306177762631
-42.96354964942955,-6.107225184075179,-35.01417031393814,-0.010873528420596997,-69.66364865029998,40.13152951650753,-67.79540210912786,-7.975101149751573,-91.94605864249607,-26.685520519427946,-71.36416516023581,-73.48913932217162,-114.01420327960712,-35.129981131572045,-96.28004738528972,-4.297751273443648
-42.63502088271297,-6.505804263318792,-35.01179170164201,-0.010099850985822957,-68.64974200772242,40.12481674589078,-67.75634568088941,-7.975441832750402,-91.74576810188627,-26.80622264491584,-72.36416516023579,-74.09543878216641,-114.00977131923274,-34.6055686415949,-96.1674254586684,-3.794853627028983
-42.28157111406745,-6.882566828253669,-35.00713551286958,-0.0067253857441733475,-67.68789386721451,40.08977720211598,-67.72435207529075,-7.981960588568186,-91.43237208827722,-27.091947040423207,-73.3641651602358,-74.87027564798646,-113.89017464246214,-34.188289919179965,-96.05663951686138,-3.3309815322000373
-41.90851068106051,-7.231671302482487,-35.00040122898764,-0.0003554022478955615,-66.81891793552266,40.024351287154516,-67.70382897369623,-7.998489617986584,-91.01100972952602,-27.543122522382582,-74.36416516023569,-75.80634758053537,-113.65902494779142,-33.89272029290487,-95.95635531223814,-2.925113645524224
-41.51820496432873,-7.554545477436846,-34.99274349397237,0.008402148638329023,-66.02613839152511,39.938513464569525,-67.69365877388788,-8.021158461468806,-90.51160145382002,-28.103378090195303,-75.3641651602355,-76.8304233963089,-113.3399018014682,-33.681332925130576,-95.8645794292924,-2.5582689003659267
-41.10807709003349,-7.859822527655683,-34.985932936501186,0.018102762608325933,-65.23594985243032,39.85096717303058,-67.68751492157992,-8.03922453072762,-89.97584721352958,-28.68138713705616,-76.3641651602353,-77.83042339630936,-112.96474530164241,-33.47685188779295,-95.7681952492406,-2.177266746737475
-40.675348359124015,-8.147002849678332,-34.979678645426446,0.02917483101277243,-64.44762572031559,39.76003075323351,-67.6870137095446,-8.054248736832479,-89.38687942089248,-29.29769302665371,-77.36416516023505,-78.83042339630933,-112.51667943424052,-33.290628399749245,-95.66816473048407,-1.7838997700348
-40.220316823748064,-8.414490996040916,-34.97424310690315,0.0415233546341558,-63.6686238260412,39.66483035962636,-67.69349334693865,-8.067811744109914,-88.7409796340782,-29.953924970119875,-78.36416516023476,-79.83042339630927,-111.9909176211679,-33.12602203230471,-95.56607974753996,-1.3819807935571466
-39.74282183441733,-8.66103921192627,-34.969889427434,0.05499745041289481,-62.90394554516135,39.56464894367475,-67.70812441086325,-8.081772022202037,-88.03336698844052,-30.651765257528922,-79.36416516023459,-80.83042339630904,-111.38137649870909,-32.98578136320211,-95.46331982058109,-0.9745791993398512
-39.242029585723806,-8.884951690556385,-34.96681050257517,0.06961815052031517,-62.162674778218594,39.45716952487629,-67.73291069562,-8.100081699498812,-87.25235868862327,-31.401579235897174,-80.36416516023456,-81.83999398476152,-110.67499799855737,-32.87947843837349,-95.3627996282542,-0.569008425286549
-38.72055604751761,-9.08542643076414,-34.96559544289161,0.08426311493631605,-61.44767717616869,39.34349330580068,-67.76677322013327,-8.123700439700746,-86.40869212382492,-32.183957047425466,-81.36416516023453,-82.83490146983459,-109.88086542221725,-32.79752728180591,-95.26414931831779,-0.16672999486184154
-38.19175323750396,-9.265231690839876,-34.967365321513256,0.09471484845580035,-60.73320860061226,39.23868891514153,-67.79838748626557,-8.137757138704623,-85.5885637605814,-32.88687832037989,-82.36416516023453,-83.688902776184,-109.08509512029228,-32.66520878605692,-95.15380732133966,0.2594091654532664
-37.66361748545003,-9.425345572882122,-34.97198698639748,0.09890851980077792,-60.00851389497706,39.15083367014391,-67.82188577455824,-8.133829170751106,-84.83552317797522,-33.459926387480216,-83.3641651602345,-84.34718046075457,-108.33306107929701,-32.448617029056095,-95.02527477119901,0.7215550501627426
-37.13531024484813,-9.563938247943987,-34.97814533782597,0.09786561866914821,-59.28619916420046,39.07668072720575,-67.8401093459606,-8.115397136669433,-84.12750793539522,-33.939732340826275,-84.36416516023449,-84.85326517898868,-107.60511221848469,-32.173005431751704,-94.88327793248999,1.2083021620923229
-36.601984503967195,-9.678019948572096,-34.98445880887213,0.09385044734646654,-58.589461280044475,39.007609326146955,-67.85982845883065,-8.092707624271497,-83.41409773897786,-34.39589415280314,-85.36416516023448,-85.2861498556401,-106.85200314515811,-31.88732675073588,-94.73786033363189,1.6971298596155313
-36.067044931361195,-9.76769319288255,-34.990535561379374,0.08656851098721591,-57.91706102616456,38.94626008960015,-67.87966522830231,-8.064087921407944,-82.70692856295238,-34.81625886564392,-86.36416516023448,-85.63258636183241,-106.08608738473987,-31.583815942642516,-94.58835048688158,2.189706056235334
-35.53241412098558,-9.832741272239689,-34.99586024955369,0.07630377544285669,-57.27121581928799,38.89336259670102,-67.89965369876514,-8.029851505994385,-82.00699963614248,-35.202669342558266,-87.36416516023445,-85.89505951940292,-105.30903849123573,-31.26414347736794,-94.43591499754523,2.6839968673355554
-34.99990294370365,-9.873102900724842,-34.99999215700878,0.06343944839975561,-56.653666890438316,38.84958454097936,-67.9198620079711,-7.990330165446105,-81.31513800589047,-35.557025830610385,-88.36416516023442,-86.07600988266822,-104.5221913403986,-30.929841493072953,-94.28174335861684,3.1782287808772143
-34.471193215767656,-9.888852217121388,-35.00258147844835,0.04843390117166342,-56.06574599237138,38.81550999114004,-67.9403890310708,-7.9458706075188275,-80.63198632983611,-35.881270574221496,-89.36416516023442,-86.17779398515205,-103.72651492959025,-30.58230654789611,-94.1270358861967,3.670855738662306
-33.9479820931011,-9.880970771559127,-35.00330023521422,0.03143031321257455,-55.50221517742175,38.79261535768784,-67.96180666180173,-7.8956720904039965,-79.95967938881435,-36.17663989219055,-90.3899967660696,-86.19654919650105,-102.92208893834908,-30.213713100655056,-93.97098656344222,4.168167751787818
-33.431603486563745,-9.848590424382573,-35.002026350343314,0.013575535334104424,-54.97402090363926,38.77969254003457,-67.98356424634603,-7.841862162061521,-79.29632828042186,-36.44619207745059,-91.40140248171869,-86.14120071709331,-102.10929376834287,-29.83968322517754,-93.81790662165207,4.656911248361659
-32.91995308362186,-9.776921775474666,-35.000477390494396,0.00209309103372116,-54.59663631316312,38.75875279289859,-67.99745519673021,-7.806641021633106,-78.60946289903704,-36.70526580840982,-91.91534362035256,-86.13582129355558,-101.29964279129645,-29.62992369982633,-93.7068476391507,4.993547395146365
-32.41219181078695,-9.661782657012537,-34.99980809568946,-0.0012045952431559656,-54.39611121763502,38.72566160483151,-68.00146419854792,-7.79626479085573,-77.88789741797069,-36.95883530198704,-91.80833024460853,-86.23203860091891,-100.50064258577898,-29.62580619965202,-93.64880521255108,5.141821888429238
-31.909832047787685,-9.510559039240025,-34.99999999999099,-3.169292664878221e-11,-54.30767645577297,38.69043995093393,-67.99999999964646,-7.799999999386269,-77.14539164893745,-37.20070378821155,-91.33303584231777,-86.39127752838486,-99.71270122272175,-29.736326716618255,-93.62495620665975,5.176974844135232
-31.416322812850755,-9.335798253460016,-35.00000000000031,1.695784481311157e-12,-54.23296929947354,38.66837125777782,-67.9999999998835,-7.7999999997602965,-76.40834943383138,-37.419913233394006,-90.89270352921143,-86.52393635071377,-98.93018364551034,-29.81943110199087,-93.60406456868654,5.218145411899965
-30.932636188671193,-9.135448693802392,-35.000000000001805,4.440359997695603e-12,-54.191447907875514,38.656048975430636,-67.99999999995387,-7.799999999890217,-75.67293091307343,-37.618882572360675,-90.40667569374672,-86.6486510094134,-98.15584293711365,-29.904028406085608,-93.5924201550844,5.241021447817442
-30.460097926163115,-8.91005950433446,-35.00000000000151,3.1148425219653707e-12,-54.182046311136304,38.65325277778312,-67.99999999998353,-7.799999999953595,-74.94038352364669,-37.79784539068695,-89.87816061288092,-86.7658358680199,-97.39097524334383,-29.989439250689827,-93.58977998650356,5.246200563384974
-30.000003219767436,-8.660248461130546,-35.00000000000088,1.5782497381428453e-12,-54.20375432710893,38.659703920374746,-67.9999999999947,-7.799999999981804,-74.211918317864,-37.95711766539725,-89.31018102356593,-86.87586257666183,-96.63678495844174,-30.075138092348894,-93.59587303064515,5.2342415762091274
-29.553613157042605,-8.386700278878394,-35.00000000000041,6.611432741280418e-13,-54.25561656875206,38.675072425156365,-67.99999999999844,-7.799999999993302,-73.48870863287439,-38.097091857834336,-88.70558129934298,-86.97907020034435,-95.89439068139563,-30.160743080832027,-93.61040428323952,5.205665860762423
-29.12215126209741,-8.090164734121839,-35.000000000000156,2.3784399125649364e-13,-54.336730607060886,38.698983390775666,-67.99999999999956,-7.799999999997624,-72.7718887815306,-38.21823131727817,-88.0670349760881,-87.07577338546808,-95.16483013360074,-30.24600611705434,-93.63305824850332,5.160959097301124
-28.706800141984637,-7.771454610172555,-35.00000000000005,7.851359414486507e-14,-54.44624448003018,38.73102251365337,-67.99999999999986,-7.799999999999147,-72.062552805568,-38.321064930409364,-87.39705248803132,-87.16626878135935,-94.44906421254225,-30.330803123896594,-93.66350188932785,5.100573317121179
-28.30869824524973,-7.431443469325092,-35.000000000000014,2.5738263634338417e-14,-54.583353704071754,38.77074090662521,-67.99999999999993,-7.799999999999658,-71.36175332736215,-38.40618196554576,-86.69798901625504,-87.25083992283524,-93.74798033945143,-30.415124536439954,-93.70138711458642,5.024929162307744
-27.92893674151853,-7.071063258481898,-35.0,9.418391230785472e-15,-54.747297915358985,38.81765930049713,-67.99999999999994,-7.799999999999821,-70.67050053145613,-38.47422707273755,-85.9720523838636,-87.32976076755688,-93.06239524180987,-30.49906601352961,-93.74635286700388,4.934418294856787
-27.568556530675437,-6.691301754750927,-34.999999999999986,7.304988489664322e-16,-54.937357244286936,38.87127171051668,-67.99999999999996,-7.7999999999998675,-69.9897613026915,-38.52589541087634,-85.22131095655138,-87.40329806878506,-92.39305729593286,-30.582819369664847,-93.79802687047429,4.829405903839443
-27.228545389828525,-6.293199858016975,-34.99999999999997,-1.4179236158846458e-14,-55.152848506058895,38.93104864520071,-67.99999999999997,-7.799999999999866,-69.32045854396975,-38.56192788133335,-84.44770152574094,-87.47171275091515,-91.74064854063826,-30.6666637246359,-93.85602709088275,4.710233270550603
-26.909835265880982,-5.877848737907418,-34.999999999999915,-5.389927856977292e-14,-55.39312127381271,38.99643992969564,-68.0,-7.799999999999778,-68.66347069327372,-38.5831064545881,-83.65303716489919,-87.53526044234412,-91.10578646013559,-30.750956867819475,-93.91996295963716,4.577220360690209
-26.613299721129355,-5.4463868429723306,-34.99999999999974,-1.6950525387935544e-13,-55.65755388716788,39.0668772102519,-68.0000000000002,-7.7999999999993666,-68.01963145649611,-38.59024958206909,-82.839015059005,-87.59419130808918,-90.48902562266282,-30.83612683435034,-93.98943640439954,4.4306684199126005
-26.33975153889008,-4.999996780276911,-34.99999999999918,-4.826934068976692e-13,-55.945549438149754,39.141776200727584,-68.00000000000108,-7.799999999997693,-67.3897297697719,-38.58420769017803,-82.00722431316723,-87.64874931327753,-89.89085925094368,-30.922663691307086,-94.06404272702969,4.270862554837234
-26.089940495716974,-4.539902073959502,-34.99999999999761,-1.2419745285740808e-12,-56.25653176770862,39.22053872647066,-68.00000000000449,-7.799999999991728,-66.77451000235115,-38.56585875734457,-81.15915374973842,-87.69917103818351,-89.31172079112612,-31.0111115333964,-94.14337136457024,4.09807428611238
-25.86455130631575,-4.067363811640398,-34.99999999999366,-2.849762308530949e-12,-56.589941499137105,39.302554615575254,-68.00000000001552,-7.799999999973471,-66.17467240852753,-38.5361039780632,-80.29619970443414,-87.74568415585443,-88.75198553836525,-31.1020606892433,-94.22700656524023,3.9125640635743824
-25.664201746788077,-3.583677187872308,-34.99999999998512,-5.716287453044815e-12,-56.945232129277045,39.38720348242418,-68.00000000004519,-7.799999999926304,-65.59087383475367,-38.49586352027805,-79.41967383140874,-87.78850567444972,-88.21197236953968,-31.19614014116248,-94.31452800785871,3.7145837361549203
-25.489440961348926,-3.0901679541016565,-34.99999999996949,-9.827944262187282e-12,-57.3218661942449,39.47385644365096,-68.00000000011137,-7.7999999998250535,-65.02372868577274,-38.446072384262735,-78.53081092524316,-87.82784003809135,-87.69194562659288,-31.294010163094313,-94.40551138989403,3.504378971075955
-25.340747957158946,-2.588188784859774,-34.99999999994674,-1.4041117258635959e-11,-57.71931152322692,39.561877802180646,-68.00000000022978,-7.799999999650553,-64.47381015143964,-38.38767637234366,-77.63077676480741,-87.86387717213768,-87.19211718763471,-31.396355183126897,-94.49952900638642,3.2821916182232034
-25.218530291400967,-2.079115570131954,-34.999999999923475,-1.593748858987305e-11,-58.1370375914885,39.65062673084462,-68.00000000038585,-7.799999999430081,-63.94165169381918,-38.321628179464,-76.7206759803516,-87.89679055114608,-86.71264875703366,-31.503876878521794,-94.5961503393024,3.048262016531181
-25.12312295420343,-1.564343644079691,-34.99999999991549,-1.3242478606387185e-11,-58.574511981840075,39.739458983229056,-68.00000000049262,-7.799999999291097,-63.427748792315604,-38.248883614731646,-75.80155994190255,-87.92673536017507,-86.2536544003278,-31.61728751218495,-94.69494267441794,2.8028312400105686
-25.054787450470844,-1.0452839605289714,-34.99999999993936,-6.900669526653437e-12,-59.0311969622459,39.827728655927345,-68.00000000038742,-7.799999999452691,-62.9325609427885,-38.17039796374022,-74.87443466461676,-87.95384681229527,-85.81520334454865,-31.73730351977567,-94.79547176057785,2.546143281869606
-25.01376036108499,-0.5239306654994671,-34.99999999996877,-2.685173593334257e-12,-59.506323345595355,39.91453262814673,-68.00000000022148,-7.799999999690132,-62.45667372907565,-38.087500221864126,-73.94064671117164,-87.97827634069681,-85.39732120346868,-31.86492196106535,-94.89712855398733,2.278549394470857
-24.99997107831094,0.00028543852689955074,-35.00000000001085,9.28551332657198e-13,-60.00011061587533,40.00012890456618,-67.99999999995296,-7.800000000065313,-61.99991841964503,-37.99981058422764,-72.99980965970379,-87.99997983457767,-84.9999988927966,-31.99985800766512,-95.0000870192719,1.9999493821858763
